﻿<log4net>
  <!-- File logging appender -->
  <appender name="RollingLogFileAppender" type="log4net.Appender.RollingFileAppender">
    <threshold value="Debug" />
    <file value="log\\"/>
    <appendToFile value="true"/>
    <rollingStyle value="Date"/>
    <datePattern value="yyyyMMdd'.txt'"/>
    <staticLogFileName value="false"/>
    <param name="MaxSizeRollBackups" value="100"/>
    <layout type="log4net.Layout.PatternLayout">
      <conversionPattern value="[%date | [%thread] | %-5level ]：%message%newline "/>
    </layout>
  </appender>
  <!-- UI Log viewer appender -->
  <appender name="NotifyAppender" type="APMM.ViewModel.Logging.Log4NetNotifyAppender, APMM.ViewModel">
    <threshold value="Info" />
    <layout type="log4net.Layout.PatternLayout">
      <param name="Header" value="[Header]\r\n"/>
      <param name="Footer" value="[Footer]\r\n"/>
      <param name="ConversionPattern" value="%d{HH:mm:ss,fff} [%-5level]: %m%n"/>
    </layout>
  </appender>
  <root>
    <level value="Debug"/>
    <appender-ref ref="RollingLogFileAppender"/>
    <appender-ref ref="NotifyAppender"/>
  </root>
</log4net>