[
  {
    "coin": "ETH",
    "name":  "Antpool",
    "worker": "default",
    "wallet": "",
    "stratum": [
      "stratum-eth.antpool.com:8008",
      "stratum-eth.antpool.com:443",
      "stratum-eth.antpool.com:25"
    ]
    ,"site": "https://www.antpool.com/eth.htm?wallet={ADDR}"

  },
  {
    "coin": "ETC",
    "name":  "Antpool",
    "worker": "default",
    "wallet": "",
    "stratum": [
      "stratum-etc.antpool.com:8008",
      "stratum-etc.antpool.com:443",
      "stratum-etc.antpool.com:25"
    ]
    ,"site": "https://www.antpool.com/etc.htm?wallet={ADDR}"
  },
  {
    "coin": "ZEC",
    "name": "Antpool",
    "worker": "default",
    "wallet": "",
    "stratum": [
      "stratum-zec.antpool.com:8899",
      "stratum-zec.antpool.com:443",
      "stratum-zec.antpool.com:25"
    ]
    ,"site": "https://www.antpool.com/zec.htm?wallet={ADDR}"
  },
  {
    "coin": "BTM",
    "name":  "Antpool",
    "worker": "default",
    "wallet": "",
    "stratum": [
      "stratum-btm.antpool.com:6666",
      "stratum-btm.antpool.com:443",
      "stratum-btm.antpool.com:25"
    ]
    ,"site": "https://www.antpool.com/btm.htm?wallet={ADDR}"
  }
]
