[
  {
    "Name": "Claymore",
    "Version": "11.0",
    "Url": "https://raw.githubusercontent.com/yxw/miners/master/Claymore-v11.0.zip",
    "ExecutablePath": "EthDcrMiner64.exe",
    "CoinSupport": [
      {
        "CoinSymbol": "ETH",
        "Platforms": "nvidia, ati",
        "DevFee": 0.01
      },
      {
        "CoinSymbol": "ETC",
        "Platforms": "nvidia, ati",
        "DevFee": 0.01
      }
    ],
    "InstallStatus": {
      "Id": 1,
      "Name": "Uninstalled"
    }
  },
  {
    "Name": "Claymore ZCash",
    "Version": "12.6",
    "Url": "https://raw.githubusercontent.com/yxw/miners/master/Claymore-ZCash-v12.6.zip",
    "ExecutablePath": "ZecMiner64.exe",
    "CoinSupport": [
      {
        "CoinSymbol": "ZEC",
        "Platforms": "ati",
        "DevFee": 0.025
      }
    ],
    "InstallStatus": {
      "Id": 1,
      "Name": "Uninstalled"
    }
  },
  {
    "Name": "NBMiner",
    "Version": "22.3",
    "Url": "https://raw.githubusercontent.com/yxw/miners/master/NBMiner-22.3.zip",
    "ExecutablePath": "nbminer.exe",
    "CoinSupport": [
      {
        "CoinSymbol": "ETH",
        "Platforms": "nvidia",
        "DevFee": 0.02
      },
      {
        "CoinSymbol": "ETC",
        "Platforms": "nvidia",
        "DevFee": 0.02
      },
      {
        "CoinSymbol": "AE",
        "Platforms": "nvidia",
        "DevFee": 0.02
      },
      {
        "CoinSymbol": "BTM",
        "Platforms": "nvidia",
        "DevFee": 0.02
      },
      {
        "CoinSymbol": "GRIN29",
        "Platforms": "nvidia",
        "DevFee": 0.02
      },
      {
        "CoinSymbol": "GRIN31",
        "Platforms": "nvidia",
        "DevFee": 0.02
      },
      {
        "CoinSymbol": "SWAP",
        "Platforms": "nvidia",
        "DevFee": 0.02
      }
    ],
    "InstallStatus": {
      "Id": 1,
      "Name": "Uninstalled"
    }
  },
  {
    "Name": "EWBF-Miner",
    "Version": "0.3.4",
    "Url": "https://raw.githubusercontent.com/yxw/miners/master/ewbf-0.3.2.zip",
    "ExecutablePath": "miner.exe",
    "CoinSupport": [
      {
        "CoinSymbol": "ZEC",
        "Platforms": "nvidia",
        "DevFee": 0.02
      }
    ],
    "InstallStatus": {
      "Id": 1,
      "Name": "Uninstalled"
    }
  },
  {
    "Name": "dstm's ZCash Miner",
    "Version": "0.5.7",
    "Url": "https://raw.githubusercontent.com/yxw/miners/master/zm-0.5.7.zip",
    "ExecutablePath": "zm.exe",
    "CoinSupport": [
      {
        "CoinSymbol": "ZEC",
        "Platforms": "nvidia",
        "DevFee": 0.0
      }
    ],
    "InstallStatus": {
      "Id": 1,
      "Name": "Uninstalled"
    }
  },
  {
    "Name": "CSMiner",
    "Version": "5.22",
    "Url": "https://raw.githubusercontent.com/yxw/miners/master/csminer-eth-5.22.zip",
    "ExecutablePath": "ETHSC.exe",
    "CoinSupport": [
      {
        "CoinSymbol": "ETH",
        "Platforms": "nvidia",
        "DevFee": 0.01
      },
      {
        "CoinSymbol": "ETC",
        "Platforms": "nvidia",
        "DevFee": 0.01
      }
    ],
    "InstallStatus": {
      "Id": 1,
      "Name": "Uninstalled"
    }
  }
]
